{
  "tipo": "double",
  "dimension": 5,
  "matriz": [
    [0.00000000, 14.00000000, 86.00000000, 88.00000000, 1.00000000],
    [52.00000000, 0.00000000, 62.00000000, -1.00000000, 87.00000000],
    [34.00000000, 42.00000000, 0.00000000, 11.00000000, 53.00000000],
    [40.00000000, 97.00000000, 4.00000000, 0.00000000, 35.00000000],
    [35.00000000, 62.00000000, 75.00000000, 4.00000000, 0.00000000]
  ]
}
