{
  "tipo": "double",
  "dimension": 15,
  "matriz": [
    [11.3589892269661550, 45.5153050325022120, 14.0110477004303110, 68.2668538468581260, 58.4521011993774240, 82.5159459212012080, 16.0618915372173210, 79.3939024018066990, 3.8697470015564441, 17.8533280434583580, 71.2057863093966430, 2.5452436902981659, 52.4582659382915750, 66.5822321237830720, 95.6755272072511930],
    [54.8844874416333540, 5.1301614429151279, 18.7414166692098760, 90.8688619647816440, 67.6046021912289770, 12.1036408581804870, 42.3169652394177050, 47.0259712515640730, 37.4217963194677590, 30.9274575029755530, 71.5231788079470190, 90.8474990081484460, 46.2141788995025490, 80.0866725669118300, 8.5787530137028103],
    [92.6725058748130690, 1.9440290536210212, 28.6965544602801610, 17.0842616046632290, 98.8738670003357070, 4.0192876979888306, 12.9795220801416060, 35.1023895992919680, 5.0630207220679342, 86.1537522507400690, 20.1116977446821500, 86.1262855922116730, 35.7493820001831110, 39.9334696493423280, 30.0698873867000350],
    [15.9855952635273300, 46.0341196935941640, 72.1427045503097590, 56.1479537339396370, 33.9060640278328830, 11.0629596850489820, 99.0203558458204900, 74.6757408368175250, 85.7295449690237060, 18.7322611163670770, 30.5429242835779890, 84.6705526902066050, 37.5377666554765450, 31.3882869960631120, 47.8896450697347970],
    [87.9726554155095070, 97.7385784478286010, 32.0749534592730470, 27.1706289864802990, 30.5124057741019930, 55.7329020050660730, 20.9845271156956700, 12.5919370097964410, 95.3428754539628330, 65.3431806390575930, 77.7184362315744440, 92.1567430646687170, 88.0489516891994980, 51.0635700552385000, 55.0035096285897400],
    [79.0032654805139320, 5.1698355052339240, 65.3126621295815970, 19.4830164494766080, 51.5854365672780520, 26.2703329569383830, 74.7520371105075300, 5.1881466109195227, 55.7084871974852760, 20.2093569750053420, 3.8727988525040438, 95.3428754539628330, 21.6467787713248080, 6.3783684804834131, 13.9103366191595210],
    [98.0895413068025730, 99.4109927671132570, 61.3757744071779570, 45.2253791924802400, 31.8338572344126720, 65.2790917691580010, 11.8442335276345110, 1.3214514603106784, 85.7417523728141050, 2.8015991698965421, 4.0833765678884246, 2.5513473921933651, 71.0562456129642610, 11.2857448042237620, 91.0031434064760280],
    [87.7010406811731260, 28.8949247718741410, 44.9751274147770630, 27.1004364146855070, 91.5372173223059780, 10.0863673818170710, 36.0087893307290870, 12.1066927091280870, 76.4610736411633670, 92.7091280861842650, 4.2939542832728046, 73.8364818262276120, 46.3850825525681360, 52.9526657918027300, 7.4373607593005158],
    [30.9427167577135550, 20.9723197119052710, 54.9394207586901470, 33.7992492446668890, 26.1970885341959910, 98.3397930845057570, 75.0816370128482900, 91.8790246284371510, 70.8731345561082830, 84.3501083407086440, 26.6640217291787460, 99.0844447157200820, 90.9054841761528390, 16.6783654286324640, 0.2441480758079775],
    [23.0658894619586800, 15.4271065401165810, 61.6840113528855270, 85.4823450422681360, 78.6980803857539540, 98.3245338297677590, 12.2623371074556720, 90.0387585070345150, 33.8389233069856840, 13.3945738090151670, 64.8365733817560400, 21.1981566820276510, 27.0363475447859120, 13.7974181340983310, 3.5218359935300758],
    [45.7899716177861860, 50.2426221503341780, 96.3774529251991370, 69.6920682393871830, 94.0519425031281460, 99.7222815637684190, 61.4673299356059460, 44.9842829676198620, 23.0628376110110800, 48.2009338663899670, 8.8808862575151828, 25.9285256508072130, 5.3987243263039035, 41.4990691854609820, 60.6036561174352220],
    [18.2927945799127160, 58.5711233863338090, 72.6371044038209130, 50.9018219550157200, 29.2825098422193050, 80.9320352793969560, 36.6374706259346330, 74.4315927610095540, 85.7203894161809070, 9.6469008453627119, 19.1228980376598410, 32.9813531907101660, 56.3097018341624180, 66.3686025574510980, 21.8024231696523930],
    [71.4682454908902260, 6.1647389141514326, 6.2044129764702296, 78.0205694753868220, 43.8123722037415670, 61.6534928434095310, 35.6669820245979210, 61.4551225318155470, 99.3408001953184650, 13.7089144566179380, 15.1646473586230060, 41.1145359660634140, 30.2926725058748120, 37.8093813898129200, 11.7160557878353210],
    [85.7417523728141050, 71.1172826319162540, 58.5955381939146060, 17.4413281655323970, 70.7632679219946970, 90.1211584826197050, 37.4034852137821620, 99.5544297616504390, 90.8932767723624410, 64.1407513657032950, 10.7547227393414100, 97.3693044831690460, 31.5347758415478980, 76.8578142643513330, 57.9393902401806710],
    [32.0535905026398500, 2.0966216010010070, 31.3425092318491170, 25.8278145695364250, 44.6668904690694930, 84.3440046388134450, 17.5176244392223880, 89.0652180547502040, 28.1472212897122100, 98.9074373607593030, 25.0923184911648920, 73.6808374279000160, 68.8955351420636650, 43.0982390820032320, 42.6526688436536790]
  ]
}
